{"3 * 3": {"naive": {"mean": 2.32e-06, "std": 9.26066952223218e-07}, "Blocked 2": {"mean": 2.32e-06, "std": 4.6647615158762407e-07}, "Blocked 4": {"mean": 2.26e-06, "std": 5.219195340279957e-07}, "Blocked 5": {"mean": 2.46e-06, "std": 5.730619512757761e-07}, "Blocked 6": {"mean": 2.52e-06, "std": 6.079473661428266e-07}, "Blocked 8": {"mean": 2.76e-06, "std": 6.499230723708768e-07}, "Blocked 10": {"mean": 2.82e-06, "std": 6.838128398911503e-07}, "Blocked 16": {"mean": 4e-06, "std": 6.324555320336759e-07}, "Blocked 32": {"mean": 8.76e-06, "std": 6.183849933496126e-07}}, "10 * 10": {"naive": {"mean": 2.5999999999999997e-06, "std": 1.3114877048604003e-06}, "Blocked 2": {"mean": 3.2e-06, "std": 9.797958971132711e-07}, "Blocked 4": {"mean": 3.6000000000000003e-06, "std": 6.6332495807108e-07}, "Blocked 5": {"mean": 3.0200000000000003e-06, "std": 6.477653896280658e-07}, "Blocked 6": {"mean": 3.4e-06, "std": 6e-07}, "Blocked 8": {"mean": 4.28e-06, "std": 5.670978751503132e-07}, "Blocked 10": {"mean": 2.76e-06, "std": 6.499230723708768e-07}, "Blocked 16": {"mean": 4.24e-06, "std": 7.088018058667742e-07}, "Blocked 32": {"mean": 9.260000000000001e-06, "std": 6.264183905346334e-07}}, "20 * 20": {"naive": {"mean": 3.06e-06, "std": 6.45290632196067e-07}, "Blocked 2": {"mean": 5.740000000000001e-06, "std": 7.15821206726931e-07}, "Blocked 4": {"mean": 5.76e-06, "std": 6.183849933496121e-07}, "Blocked 5": {"mean": 5.32e-06, "std": 5.075431016179807e-07}, "Blocked 6": {"mean": 7.280000000000001e-06, "std": 6.013318551349162e-07}, "Blocked 8": {"mean": 7.0200000000000006e-06, "std": 7.068238818828915e-07}, "Blocked 10": {"mean": 5.4e-06, "std": 5.291502622129181e-07}, "Blocked 16": {"mean": 1.016e-05, "std": 5.782732917920382e-07}, "Blocked 32": {"mean": 9.9e-06, "std": 6.708203932499368e-07}}}